[
    {
        "filmName": "Dune 2",
        "duration": "2h 43m",
        "imageName": "poster1",
        "description": "Dune: Part Two is a 2024 American epic science fiction film directed and produced by Denis Villeneuve, who co-wrote the screenplay with Jon Spaihts."
        
    },
    {
        "filmName": "No Time To Die",
        "duration": "2h 43m",
        "imageName": "poster2",
        "description": "Recruited to rescue a kidnapped scientist, globe-trotting spy James Bond finds himself hot on the trail of a mysterious villain who's armed with a dangerous new technology."
    },
    {
        "filmName": "Avatar",
        "duration": "2h 35m",
        "imageName": "poster3",
        "description": "On the lush alien world of Pandora live the Na'vi, beings who appear primitive but are highly evolved. Because the planet's environment is poisonous, human/Na'vi hybrids, called Avatars, must link to human minds to allow for free movement on Pandora. Jake Sully (Sam Worthington), a paralyzed former Marine, becomes mobile again through one such Avatar and falls in love with a Na'vi woman (Zoe Saldana). As a bond with her grows, he is drawn into a battle for the survival of her world."
    },
    {
        "filmName": "Minions",
        "duration": "1h 31m",
        "imageName": "poster4",
        "description": "Evolving from single-celled yellow organisms at the dawn of time, Minions live to serve, but find themselves working for a continual series of unsuccessful masters, from T. Rex to Napoleon. Without a master to grovel for, the Minions fall into a deep depression. But one minion, Kevin, has a plan; accompanied by his pals Stuart and Bob, Kevin sets forth to find a new evil boss for his brethren to follow. Their search leads them to Scarlet Overkill, the world's first-ever super-villainess."
    },
    {
        "filmName": "Doctor Strange",
        "duration": "1h 55m",
        "imageName": "poster5",
        "description": "Dr. Stephen Strange's (Benedict Cumberbatch) life changes after a car accident robs him of the use of his hands. When traditional medicine fails him, he looks for healing, and hope, in a mysterious enclave. He quickly learns that the enclave is at the front line of a battle against unseen dark forces bent on destroying reality. Before long, Strange is forced to choose between his life of fortune and status or leave it all behind to defend the world as the most powerful sorcerer in existence."
    }
]

